<?xml version="1.0" encoding="UTF-8"?>
<project-private xmlns="http://www.netbeans.org/ns/project-private/1">
    <editor-bookmarks xmlns="http://www.netbeans.org/ns/editor-bookmarks/2" lastBookmarkId="0"/>
    <open-files xmlns="http://www.netbeans.org/ns/projectui-open-files/2">
        <group>
            <file>file:/C:/Users/menga/Documents/notepad/java/LoginForm/src/loginform/GenerateReport.java</file>
            <file>file:/C:/Users/menga/Documents/notepad/java/LoginForm/src/loginform/EnterFood.java</file>
            <file>file:/C:/Users/menga/Documents/notepad/java/LoginForm/src/loginform/DatabaseConnector.java</file>
            <file>file:/C:/Users/menga/Documents/notepad/java/LoginForm/src/loginform/CustomerHomeFrame.java</file>
            <file>file:/C:/Users/menga/Documents/notepad/java/LoginForm/src/loginform/Search.java</file>
            <file>file:/C:/Users/menga/Documents/notepad/java/LoginForm/src/loginform/Home.java</file>
            <file>file:/C:/Users/menga/Documents/notepad/java/LoginForm/src/loginform/ItemInfo.java</file>
            <file>file:/C:/Users/menga/Documents/notepad/java/LoginForm/src/loginform/DeleteFood.java</file>
            <file>file:/C:/Users/menga/Documents/notepad/java/LoginForm/src/loginform/UpdateFood.java</file>
            <file>file:/C:/Users/menga/Documents/notepad/java/LoginForm/src/loginform/PlaceOrder.java</file>
            <file>file:/C:/Users/menga/Documents/notepad/java/LoginForm/src/loginform/ViewOrdersForm.java</file>
            <file>file:/C:/Users/menga/Documents/notepad/java/LoginForm/src/loginform/Help.java</file>
            <file>file:/C:/Users/menga/Documents/notepad/java/LoginForm/src/loginform/LoginForm.java</file>
        </group>
    </open-files>
</project-private>
